0, -21821184 
1, -21924608 
2, -21311232 
3, -21836288 
4, -21378560 
5, -21461248 
6, -21296640 
7, -21691648 
8, -21311488 
9, -21059840 
10, -21002240 
11, -20603136 
12, -20860160 
13, -20529664 
14, -20434176 
15, -20528640 
16, -20578304 
17, -20511488 
18, -20488192 
19, -20875776 
20, -20527360 
21, -21091328 
22, -20764672 
23, -21024256 
24, -21112576 
25, -20911104 
26, -21841920 
27, -21349888 
28, -21872640 
29, -21666816 
30, -22427136 
31, -21778944 
32, -22104832 
33, -22486784 
34, -22238976 
35, -22510848 
36, -21749504 
37, -23020032 
38, -22472192 
39, -23100928 
40, -22492416 
41, -22425856 
42, -23255296 
43, -22946048 
44, -23136256 
45, -22911232 
46, -23057408 
47, -22968064 
48, -23320576 
49, -23196672 
50, -23667712 
51, -23014656 
52, -23357952 
53, -23094528 
54, -22832640 
55, -23148800 
56, -23109632 
57, -23073280 
58, -22696960 
59, -23166464 
60, -22977792 
61, -23486208 
62, -23686656 
63, -23279104 
64, -23567104 
65, -22879744 
66, -23452160 
67, -23160576 
68, -22813952 
69, -23243776 
70, -22764800 
71, -23266304 
72, -22653952 
73, -22994944 
74, -22748928 
75, -22689792 
76, -22264064 
77, -22483968 
78, -22965760 
79, -22397440 
80, -22744320 
81, -22835968 
82, -22973952 
83, -22865152 
84, -22956800 
85, -23612928 
86, -23803136 
87, -24294656 
88, -24090112 
89, -24799232 
90, -24880640 
91, -25296128 
92, -25145088 
93, -25468416 
94, -25691648 
95, -25638912 
96, -26341376 
97, -26467328 
98, -26707456 
99, -26795264 
100, -27516416 
101, -27138816 
102, -27411200 
103, -27906560 
104, -27674368 
105, -27621376 
106, -27340544 
107, -27895552 
108, -27013376 
109, -27776768 
110, -27462144 
111, -27791872 
112, -27757312 
113, -27806208 
114, -28430080 
115, -27881984 
116, -28696064 
117, -28559360 
118, -29210880 
119, -28977664 
120, -29293568 
121, -29763584 
122, -29175296 
123, -30376448 
124, -29761792 
125, -30533376 
126, -30027776 
127, -30375168 
128, -30328832 
129, -30416128 
130, -30504192 
131, -30419712 
132, -30774016 
133, -30722560 
134, -31089664 
135, -30697216 
136, -31042816 
137, -30451968 
138, -30816768 
139, -31013888 
140, -30740736 
141, -30923520 
142, -30688768 
143, -31439360 
144, -31074816 
145, -31350016 
146, -31346432 
147, -31420928 
148, -31367936 
149, -31326720 
150, -31337472 
151, -31189760 
152, -31239936 
153, -31162624 
154, -31232256 
155, -31271168 
156, -31173632 
157, -31396096 
158, -30850816 
159, -31373568 
160, -31062016 
161, -30751744 
162, -30931200 
163, -30730496 
164, -30775808 
165, -30292992 
166, -30624256 
167, -30044416 
168, -30115328 
169, -29747200 
170, -29428480 
171, -29671936 
172, -29471232 
173, -29032704 
174, -29091584 
175, -29107712 
176, -28256512 
177, -29070592 
178, -28109056 
179, -28481536 
180, -28671488 
181, -27789056 
182, -28541696 
183, -28005376 
184, -28346624 
185, -28111360 
186, -28274944 
187, -27592704 
188, -27873536 
189, -27916032 
190, -27365120 
191, -27862528 
192, -26926080 
193, -27421440 
194, -26352384 
195, -26692352 
196, -26125056 
197, -25938432 
198, -25542144 
199, -25176320 
200, -25300480 
201, -25008896 
202, -24960768 
203, -24158464 
204, -24519936 
205, -24220672 
206, -24197120 
207, -24039168 
208, -23872768 
209, -23850752 
210, -23998976 
211, -24226048 
212, -23822592 
213, -24298496 
214, -23710976 
215, -23778304 
216, -23766016 
217, -23628800 
218, -23737600 
219, -23491584 
220, -23992832 
221, -23778560 
222, -24097280 
223, -23894784 
224, -24220928 
225, -24065792 
226, -24067328 
227, -24366848 
228, -24146176 
229, -24536064 
230, -24273664 
231, -24502272 
232, -24372992 
233, -24399104 
234, -24359168 
235, -24170496 
236, -24228608 
237, -23598592 
238, -23961600 
239, -24014848 
240, -24025344 
241, -24039936 
242, -23885312 
243, -24280320 
244, -23840768 
245, -24378112 
246, -24017152 
247, -24018944 
248, -24302336 
249, -24358656 
250, -24700160 
251, -24067584 
252, -24449536 
253, -24287744 
254, -24288256 
255, -24387840 
256, -24603648 
257, -24450304 
258, -24575232 
259, -24354560 
260, -24589824 
261, -24583680 
262, -24259840 
263, -24608256 
264, -24489472 
265, -24815360 
266, -25060096 
267, -24893184 
268, -25294080 
269, -24910080 
270, -24939264 
271, -24879616 
272, -25257984 
273, -24864512 
274, -25259520 
275, -25172480 
276, -25169664 
277, -25219072 
278, -25151744 
279, -25133824 
280, -25100800 
281, -25232896 
282, -25306368 
283, -25243392 
284, -25596928 
285, -25487360 
286, -25899264 
287, -25904896 
288, -25857792 
289, -26049536 
290, -25978624 
291, -25873920 
292, -25456640 
293, -26043136 
294, -25541120 
295, -25872384 
296, -25844224 
297, -25652480 
298, -25719296 
299, -25432832 
300, -25589760 
301, -25216256 
302, -25361408 
303, -25250048 
304, -25467648 
305, -25881344 
306, -25509632 
307, -25739520 
308, -25650944 
309, -25923072 
310, -26193664 
311, -25827840 
312, -25818624 
313, -25819904 
314, -26405632 
315, -26155776 
316, -26289152 
317, -26381056 
318, -26073088 
319, -26177792 
320, -26531584 
321, -26185728 
322, -26274816 
323, -26420992 
324, -26611200 
325, -26342912 
326, -26351872 
327, -26240768 
328, -26014208 
329, -25905664 
330, -25886208 
331, -25278208 
332, -25082624 
333, -25064960 
334, -24809472 
335, -24818944 
336, -24703488 
337, -24775424 
338, -24484096 
339, -24310784 
340, -24528384 
341, -24470528 
342, -24055040 
343, -24531456 
344, -24216576 
345, -24399872 
346, -24388608 
347, -24632064 
348, -24223744 
349, -24684032 
350, -24790784 
351, -24329728 
352, -24798464 
353, -24139520 
354, -24201728 
355, -24061440 
356, -24000000 
357, -23906816 
358, -23738880 
359, -23492352 
360, -23776000 
361, -23066880 
362, -23134208 
363, -22731008 
364, -22713344 
365, -22386944 
366, -22475264 
367, -22272512 
368, -22118912 
369, -21896704 
370, -21380352 
371, -22045696 
372, -21321984 
373, -21149952 
374, -20883968 
375, -20901120 
376, -20525312 
377, -21014528 
378, -20846336 
379, -20955648 
380, -21309184 
381, -20760064 
382, -21152768 
383, -20701952 
384, -20638464 
385, -20985088 
386, -21043968 
387, -21078528 
388, -20909824 
389, -21111040 
390, -21212416 
391, -21404928 
392, -21430528 
393, -21394176 
394, -21605888 
395, -22274816 
396, -21942528 
397, -22519552 
398, -22469120 
399, -22396928 
400, -22505984 
401, -22487040 
402, -22688256 
403, -23065088 
404, -23139072 
405, -23042304 
406, -23663872 
407, -23740160 
408, -23906304 
409, -24345856 
410, -24199168 
411, -24642048 
412, -25129472 
413, -24870656 
414, -25300224 
415, -25210368 
416, -25790720 
417, -25194240 
418, -25663488 
419, -25577728 
420, -25981184 
421, -26079744 
422, -25629184 
423, -26306048 
424, -25734912 
425, -26320128 
426, -26017280 
427, -26403072 
428, -26679296 
429, -26568192 
430, -26834688 
431, -26728448 
432, -27259392 
433, -26872320 
434, -27229952 
435, -26945536 
436, -27216896 
437, -27338496 
438, -27479808 
439, -27194880 
440, -27251200 
441, -27685376 
442, -27454720 
443, -27579648 
444, -27188480 
445, -27232512 
446, -27350784 
447, -26928384 
448, -27012608 
449, -26689536 
450, -26753536 
451, -26637056 
452, -26569728 
453, -26363136 
454, -25868032 
455, -25763072 
456, -25229312 
457, -25047552 
458, -24680448 
459, -24641024 
460, -23867136 
461, -23813376 
462, -23591168 
463, -23070208 
464, -23017472 
465, -22710272 
466, -22484992 
467, -21998592 
468, -21693440 
469, -21273600 
470, -21652992 
471, -21613568 
472, -21389312 
473, -20916992 
474, -21202432 
475, -20477184 
476, -20206848 
477, -20026112 
478, -19812352 
479, -20003328 
480, -19324160 
481, -19690752 
482, -18944512 
483, -18940928 
484, -18449408 
485, -18256128 
486, -18230272 
487, -17777664 
488, -17775616 
489, -17078016 
490, -17306368 
491, -16887040 
492, -17407744 
493, -17078272 
494, -16698368 
495, -17126912 
496, -16737024 
497, -17073664 
498, -16337920 
499, -16079104 
500, -16454656 
501, -16280832 
502, -16308480 
503, -16102400 
504, -16963328 
505, -16003072 
506, -16699648 
507, -16205568 
508, -16659968 
509, -16403968 
510, -16790528 
511, -17102848 
512, -17017088 
513, -17190144 
514, -17019648 
515, -17457152 
516, -17197056 
517, -17347584 
518, -17513984 
519, -17470208 
520, -17874432 
521, -17397248 
522, -18086144 
523, -17623040 
524, -18407424 
525, -17981696 
526, -18412288 
527, -18670080 
528, -18678528 
529, -19010048 
530, -19055360 
531, -19928832 
532, -19286784 
533, -20307456 
534, -20066048 
535, -20749312 
536, -20861440 
537, -21086720 
538, -20638720 
539, -20785920 
540, -20605440 
541, -20926464 
542, -20995072 
543, -20840448 
544, -20961536 
545, -20975872 
546, -21214720 
547, -20981248 
548, -21268992 
549, -21056256 
550, -20744192 
551, -21220096 
552, -20695040 
553, -21385728 
554, -20759808 
555, -20708352 
556, -20230400 
557, -19864832 
558, -20385792 
559, -19470592 
560, -19863296 
561, -19359744 
562, -19568640 
563, -19164416 
564, -19141120 
565, -19606528 
566, -19066368 
567, -19857408 
568, -19075072 
569, -19405056 
570, -19090944 
571, -19634432 
572, -19138816 
573, -19344384 
574, -19304448 
575, -19163648 
576, -19170048 
577, -18430464 
578, -18952192 
579, -18261504 
580, -18982912 
581, -17862400 
582, -18739200 
583, -18333184 
584, -18085888 
585, -18457600 
586, -17847808 
587, -18294784 
588, -18131200 
589, -18338304 
590, -18526208 
591, -18117120 
592, -18591232 
593, -18073344 
594, -18337792 
595, -18184192 
596, -18837760 
597, -18408448 
598, -18909952 
599, -18662144 
600, -18960896 
601, -19204608 
602, -19473408 
603, -20212736 
604, -20185856 
605, -21013248 
606, -20989952 
607, -21587200 
608, -21619456 
609, -21666304 
610, -21957376 
611, -21605376 
612, -22489856 
613, -21678592 
614, -22144000 
615, -22286592 
616, -22292224 
617, -22668288 
618, -22269696 
619, -23173120 
620, -22824704 
621, -23244032 
622, -22913792 
623, -23457536 
624, -23133184 
625, -23709952 
626, -23970304 
627, -23626240 
628, -24548864 
629, -24133376 
630, -24921856 
631, -24941824 
632, -25909248 
633, -26133248 
634, -26328576 
635, -26811136 
636, -26568704 
637, -27391232 
638, -26959616 
639, -27710208 
640, -27502592 
641, -27909120 
642, -27749120 
643, -28116480 
644, -28090880 
645, -28577024 
646, -28726528 
647, -27847680 
648, -28651520 
649, -28155392 
650, -28105472 
651, -28116480 
652, -28097536 
653, -28498688 
654, -27784448 
655, -28111360 
656, -27990016 
657, -28649984 
658, -27990784 
659, -28612096 
660, -28266752 
661, -28288256 
662, -28400384 
663, -27952640 
664, -28886784 
665, -28352768 
666, -28855552 
667, -28547328 
668, -28991232 
669, -28619264 
670, -28397056 
671, -29159168 
672, -28397312 
673, -29234432 
674, -28921856 
675, -29116160 
676, -28712192 
677, -29013760 
678, -29283584 
679, -29252096 
680, -29573888 
681, -28985344 
682, -29959936 
683, -29545984 
684, -29896192 
685, -29866496 
686, -29905664 
687, -30328576 
688, -29991424 
689, -30482176 
690, -30141440 
691, -30498304 
692, -30378496 
693, -31151104 
694, -31181824 
695, -31323392 
696, -31603456 
697, -31582720 
698, -31990272 
699, -31916032 
700, -32442624 
701, -32242176 
702, -32551680 
703, -32883712 
704, -32906752 
705, -32768512 
706, -32899072 
707, -33221376 
708, -32633344 
709, -32719104 
710, -33059328 
711, -33009920 
712, -32972544 
713, -32751872 
714, -32794880 
715, -32367104 
716, -32665600 
717, -32461056 
718, -32392192 
719, -32512000 
720, -32513280 
721, -32172800 
722, -31985664 
723, -32240896 
724, -31407104 
725, -32138496 
726, -30793728 
727, -30564864 
728, -30398720 
729, -30130432 
730, -30071552 
731, -28975616 
732, -29638144 
733, -28511488 
734, -28438272 
735, -27713280 
736, -27554560 
737, -27215616 
738, -26144768 
739, -26579712 
740, -25109248 
741, -25335808 
742, -24380160 
743, -24287488 
744, -23012096 
745, -22691328 
746, -22091520 
747, -21597952 
748, -21366272 
749, -20342016 
750, -20227072 
751, -19138048 
752, -19169280 
753, -18424064 
754, -18497792 
755, -17295616 
756, -17236224 
757, -16401152 
758, -16263168 
759, -16389632 
760, -15436288 
761, -15504640 
762, -15109120 
763, -15205632 
764, -14519040 
765, -14365440 
766, -14312960 
767, -14028800 
768, -13981440 
769, -14346240 
770, -14304256 
771, -14207488 
772, -14462464 
773, -14530304 
774, -14498816 
775, -14591232 
776, -13996544 
777, -14393344 
778, -14181376 
779, -14323968 
780, -14338560 
781, -14204928 
782, -14348288 
783, -14105088 
784, -14680832 
785, -14254848 
786, -14900480 
787, -15283968 
788, -15126528 
789, -15561984 
790, -15216384 
791, -15730688 
792, -15502336 
793, -16447744 
794, -15954176 
795, -16576000 
796, -16670464 
797, -17253632 
798, -17286912 
799, -17546240 
800, -18022400 
801, -18230016 
802, -18799104 
803, -18948608 
804, -19086080 
805, -19115776 
806, -19393024 
807, -19348224 
808, -20018176 
809, -19958272 
810, -20051968 
811, -20158464 
812, -20505856 
813, -20670976 
814, -20678144 
815, -21016832 
816, -20747776 
817, -21138944 
818, -20999424 
819, -20846336 
820, -20611328 
821, -20861952 
822, -20647680 
823, -20785920 
824, -20639744 
825, -20537344 
826, -20860928 
827, -20421120 
828, -20197632 
829, -19977216 
830, -19984128 
831, -19480064 
832, -19626752 
833, -19487744 
834, -19529728 
835, -19404544 
836, -19146752 
837, -18997248 
838, -18824192 
839, -18760448 
840, -18483200 
841, -18228736 
842, -18369536 
843, -18065664 
844, -18118400 
845, -17974272 
846, -17734656 
847, -17734400 
848, -17470464 
849, -17117952 
850, -16673536 
851, -16520192 
852, -15790848 
853, -15946752 
854, -15606528 
855, -15594752 
856, -15405056 
857, -15172352 
858, -15301888 
859, -14976256 
860, -14990080 
861, -14871808 
862, -14981376 
863, -14942720 
864, -15085568 
865, -15155456 
866, -14871552 
867, -15374592 
868, -14643968 
869, -15155968 
870, -15162112 
871, -15139584 
872, -15222528 
873, -15160064 
874, -15762688 
875, -15086848 
876, -15844864 
877, -15521024 
878, -16030464 
879, -16020992 
880, -16322816 
881, -16858880 
882, -16955648 
883, -17390592 
884, -17533184 
885, -17552640 
886, -18350080 
887, -18620416 
888, -18753536 
889, -19070464 
890, -19578880 
891, -19633920 
892, -20453888 
893, -20836352 
894, -21008128 
895, -21390848 
896, -21513216 
897, -22112000 
898, -22523904 
899, -22999040 
900, -23098880 
901, -23797248 
902, -24069120 
903, -24070144 
904, -24412928 
905, -24338944 
906, -25171456 
907, -24835840 
908, -25233408 
909, -25231872 
910, -25600000 
911, -25692672 
912, -25723648 
913, -26051072 
914, -25888768 
915, -26596096 
916, -26757632 
917, -27300608 
918, -27343616 
919, -27394560 
920, -27852800 
921, -27952128 
922, -28065792 
923, -28237824 
924, -28187392 
925, -28542976 
926, -28789504 
927, -28960000 
928, -29133568 
929, -29024256 
930, -29424896 
931, -29334528 
932, -29262592 
933, -29060352 
934, -29289728 
935, -29126912 
936, -29085952 
937, -28885248 
938, -28879360 
939, -28502528 
940, -28507904 
941, -28356864 
942, -28241664 
943, -28098560 
944, -27633664 
945, -27723776 
946, -27623680 
947, -27382272 
948, -27607296 
949, -27597568 
950, -27631360 
951, -27665664 
952, -27267328 
953, -27215872 
954, -27291648 
955, -26603776 
956, -27133952 
957, -26150656 
958, -26308864 
959, -26188800 
960, -26131712 
961, -25859840 
962, -25499136 
963, -25246720 
964, -25385216 
965, -24953344 
966, -24915968 
967, -24343808 
968, -24286976 
969, -24066816 
970, -23763456 
971, -23936512 
972, -23567616 
973, -23212800 
974, -23343616 
975, -23214848 
976, -23229952 
977, -22916864 
978, -23440384 
979, -23012096 
980, -23121664 
981, -23336704 
982, -23270144 
983, -23786496 
984, -23794944 
985, -24052736 
986, -24318464 
987, -24694016 
988, -24455936 
989, -25145600 
990, -25247744 
991, -25816320 
992, -25795072 
993, -26058240 
994, -26477824 
995, -26743296 
996, -27127552 
997, -26775552 
998, -27795968 
999, -27051520 
1000, -27608576 
1001, -27122688 
1002, -27273984 
1003, -27094272 
1004, -27034624 
1005, -27142400 
1006, -26516480 
1007, -27124480 
1008, -26482176 
1009, -26460672 
1010, -25849088 
1011, -26218752 
1012, -25961728 
1013, -25202432 
1014, -25677568 
1015, -24707584 
1016, -24586752 
1017, -23679488 
1018, -23984896 
1019, -23026432 
1020, -22846208 
1021, -22139392 
1022, -21801984 
1023, -21587456 
1024, -20530176 
1025, -20568832 
1026, -19723264 
1027, -19243776 
1028, -18330624 
1029, -18534144 
1030, -17516544 
1031, -17245696 
1032, -16485376 
1033, -15919104 
1034, -15247360 
1035, -14737408 
1036, -13843712 
1037, -13526784 
1038, -12962304 
1039, -12615168 
1040, -11834368 
1041, -11774720 
1042, -11379200 
1043, -11109376 
1044, -10464512 
1045, -9718784 
1046, -9617920 
1047, -8941824 
1048, -8899072 
1049, -7906048 
1050, -8261120 
1051, -7485440 
1052, -7822592 
1053, -7642880 
1054, -7156736 
1055, -7710464 
1056, -7201536 
1057, -7918592 
1058, -6905088 
1059, -7406336 
1060, -7214592 
1061, -7646720 
1062, -7436800 
1063, -7629056 
1064, -7579392 
1065, -7519744 
1066, -8290048 
1067, -7673856 
1068, -8012288 
1069, -7754496 
1070, -8986880 
1071, -8539392 
1072, -9287168 
1073, -9390080 
1074, -9835520 
1075, -10482944 
1076, -10489600 
1077, -10971392 
1078, -10815744 
1079, -12183296 
1080, -12082176 
1081, -13360896 
1082, -13464576 
1083, -14322688 
1084, -14756096 
1085, -16093184 
1086, -16744960 
1087, -17256704 
1088, -17876736 
1089, -18431744 
1090, -19324160 
1091, -19387392 
1092, -20678400 
1093, -20250624 
1094, -21451008 
1095, -21256704 
1096, -21862912 
1097, -22138112 
1098, -22538240 
1099, -22564352 
1100, -22744576 
1101, -23602176 
1102, -23183872 
1103, -24435712 
1104, -23855616 
1105, -24972032 
1106, -24472064 
1107, -25082112 
1108, -24899072 
1109, -25117696 
1110, -25597952 
1111, -25482752 
1112, -26108160 
1113, -25408768 
1114, -26270464 
1115, -25575424 
1116, -26230784 
1117, -25361920 
1118, -25787648 
1119, -25803008 
1120, -25717760 
1121, -25641984 
1122, -25115904 
1123, -25094400 
1124, -24530688 
1125, -24717312 
1126, -23924480 
1127, -24176896 
1128, -23860480 
1129, -23870464 
1130, -23531520 
1131, -23437312 
1132, -23314176 
1133, -22843648 
1134, -22490112 
1135, -22434304 
1136, -22716160 
1137, -22014976 
1138, -22082560 
1139, -21985792 
1140, -21717760 
1141, -21448704 
1142, -21632000 
1143, -21390336 
1144, -21521664 
1145, -21750528 
1146, -21541376 
1147, -21339392 
1148, -21260800 
1149, -21203200 
1150, -21139456 
1151, -21599488 
1152, -21258240 
1153, -21661184 
1154, -21374720 
1155, -21456640 
1156, -21545984 
1157, -21610496 
1158, -21900800 
1159, -21563392 
1160, -21605632 
1161, -21862400 
1162, -21969664 
1163, -21929472 
1164, -21991680 
1165, -22686976 
1166, -22431744 
1167, -23181312 
1168, -22817792 
1169, -23500032 
1170, -23927040 
1171, -23518208 
1172, -24637952 
1173, -24465408 
1174, -25423616 
1175, -25317888 
1176, -26015744 
1177, -26598656 
1178, -26568960 
1179, -27088896 
1180, -27735808 
1181, -28198144 
1182, -28300544 
1183, -29080832 
1184, -29033472 
1185, -30211072 
1186, -30335744 
1187, -31161856 
1188, -31401984 
1189, -31884544 
1190, -32374528 
1191, -32150784 
1192, -32744960 
1193, -32943616 
1194, -33583872 
1195, -33523968 
1196, -33976832 
1197, -34488576 
1198, -34035456 
1199, -34772736 
1200, -34358528 
1201, -35129856 
1202, -34988544 
1203, -35024384 
1204, -35311616 
1205, -35271424 
1206, -35689216 
1207, -35619072 
1208, -35933952 
1209, -35622144 
1210, -35964928 
1211, -35084032 
1212, -35468544 
1213, -35154944 
1214, -35402752 
1215, -34952192 
1216, -34691584 
1217, -34390784 
1218, -34053888 
1219, -34036992 
1220, -33056768 
1221, -33015808 
1222, -32694272 
1223, -32217344 
1224, -31714816 
1225, -31070720 
1226, -30769152 
1227, -29914368 
1228, -29569024 
1229, -29001216 
1230, -28395008 
1231, -28131328 
1232, -27687168 
1233, -27355392 
1234, -26607616 
1235, -26188032 
1236, -25508352 
1237, -25005056 
1238, -23820800 
1239, -23815680 
1240, -23045888 
1241, -22279424 
1242, -21644800 
1243, -20894976 
1244, -21145344 
1245, -20184576 
1246, -20433152 
1247, -19625472 
1248, -19571968 
1249, -19294464 
1250, -19351296 
1251, -18739712 
1252, -18590720 
1253, -17973504 
1254, -17666560 
1255, -17263104 
1256, -16423936 
1257, -16416256 
1258, -15939584 
1259, -15696128 
1260, -15132928 
1261, -14992128 
1262, -14458368 
1263, -14936832 
1264, -14114048 
1265, -14293760 
1266, -14084352 
1267, -13502464 
1268, -14015232 
1269, -13364224 
1270, -13892864 
1271, -13495808 
1272, -14697728 
1273, -13896960 
1274, -14715392 
1275, -14049792 
1276, -14644736 
1277, -15245056 
1278, -15056896 
1279, -15523328 
1280, -15456512 
1281, -15964416 
1282, -15567616 
1283, -16756992 
1284, -16474368 
1285, -17388544 
1286, -17421568 
1287, -17856256 
1288, -18086400 
1289, -18828800 
1290, -18702336 
1291, -19042816 
1292, -19846912 
1293, -19666432 
1294, -20548864 
1295, -20021760 
1296, -20972800 
1297, -20858624 
1298, -21639424 
1299, -21227520 
1300, -21892608 
1301, -21536000 
1302, -22181120 
1303, -21906944 
1304, -21775616 
1305, -22307840 
1306, -21887744 
1307, -22922752 
1308, -21638912 
1309, -22935552 
1310, -21627648 
1311, -22594048 
1312, -21886720 
1313, -22058240 
1314, -21745920 
1315, -21264640 
1316, -21533696 
1317, -20660480 
1318, -21222144 
1319, -19859968 
1320, -20350720 
1321, -19299840 
1322, -19813376 
1323, -18775040 
1324, -18754304 
1325, -18751488 
1326, -18155264 
1327, -18805760 
1328, -17957888 
1329, -18535936 
1330, -17627648 
1331, -17562624 
1332, -16777472 
1333, -16799488 
1334, -16378624 
1335, -16379648 
1336, -16195328 
1337, -15853056 
1338, -16005376 
1339, -15827456 
1340, -16206080 
1341, -15549952 
1342, -15921408 
1343, -15306240 
1344, -15599616 
1345, -15350272 
1346, -15097088 
1347, -14908160 
1348, -14898176 
1349, -15046144 
1350, -14765824 
1351, -15102464 
1352, -14791936 
1353, -14244864 
1354, -14311936 
1355, -14043136 
1356, -14204160 
1357, -13799168 
1358, -13663232 
1359, -13794816 
1360, -13529600 
1361, -13922304 
1362, -13859584 
1363, -14455040 
1364, -14427904 
1365, -14497280 
1366, -14819584 
1367, -15101696 
1368, -14972672 
1369, -15193600 
1370, -15580928 
1371, -15824640 
1372, -16768256 
1373, -16715776 
1374, -17328640 
1375, -17199872 
1376, -18067456 
1377, -17849088 
1378, -18585856 
1379, -18728960 
1380, -18533888 
1381, -19418880 
1382, -18973696 
1383, -20132352 
1384, -19765248 
1385, -20297472 
1386, -20331264 
1387, -20636416 
1388, -21372928 
1389, -21605120 
1390, -22295296 
1391, -22371328 
1392, -22931456 
1393, -22828032 
1394, -23703552 
1395, -23445760 
1396, -23971584 
1397, -23586560 
1398, -23776000 
1399, -23835648 
1400, -24504832 
1401, -24779008 
1402, -25099776 
1403, -25807104 
1404, -25792000 
1405, -26726656 
1406, -26451712 
1407, -27401728 
1408, -27195904 
1409, -27552256 
1410, -28021760 
1411, -27971840 
1412, -28570368 
1413, -28363520 
1414, -28943872 
1415, -28450048 
1416, -29162240 
1417, -28836096 
1418, -29177856 
1419, -29048576 
1420, -28815872 
1421, -28792064 
1422, -28305408 
1423, -28380416 
1424, -27453184 
1425, -27418112 
1426, -26707200 
1427, -26272000 
1428, -25164032 
1429, -24672768 
1430, -23760896 
1431, -23275776 
1432, -22839808 
1433, -22527488 
1434, -22521856 
1435, -22052096 
1436, -21608448 
1437, -21534720 
1438, -20592384 
1439, -19784704 
1440, -19291904 
1441, -17923584 
1442, -17016320 
1443, -15726080 
1444, -14708736 
1445, -13673728 
1446, -13326336 
1447, -12768768 
1448, -12167936 
1449, -11915264 
1450, -11840768 
1451, -11680000 
1452, -11096320 
1453, -11168256 
1454, -9818112 
1455, -10093056 
1456, -8762368 
1457, -8217088 
1458, -7476224 
1459, -7144704 
1460, -6438656 
1461, -6497536 
1462, -6864640 
1463, -6505728 
1464, -7356416 
1465, -7108864 
1466, -7610880 
1467, -7296000 
1468, -8347648 
1469, -7777792 
1470, -8052480 
1471, -7829248 
1472, -7735552 
1473, -7734784 
1474, -8097536 
1475, -8329216 
1476, -8796672 
1477, -9204224 
1478, -9566720 
1479, -10044160 
1480, -10521344 
1481, -11238144 
1482, -11371776 
1483, -12363264 
1484, -12825088 
1485, -13202944 
1486, -13662720 
1487, -14004224 
1488, -14799616 
1489, -15232768 
1490, -16332800 
1491, -16814848 
1492, -17937152 
1493, -18411776 
1494, -20007168 
1495, -20386048 
1496, -22067968 
1497, -22567424 
1498, -24055296 
1499, -24876288 
1500, -25600256 
1501, -27109888 
1502, -26870272 
1503, -28238336 
1504, -28172032 
1505, -29868544 
1506, -29705216 
1507, -30838272 
1508, -31521024 
1509, -31946240 
1510, -32971520 
1511, -33121280 
1512, -34498048 
1513, -33841152 
1514, -35257344 
1515, -35115520 
1516, -35569408 
1517, -35079424 
1518, -35024640 
1519, -34960128 
1520, -34269184 
1521, -34518528 
1522, -34090752 
1523, -33822720 
1524, -33376256 
1525, -33525504 
1526, -33508352 
1527, -33117952 
1528, -32561408 
1529, -32401920 
1530, -31781632 
1531, -31248640 
1532, -30224896 
1533, -29682176 
1534, -28142336 
1535, -28113920 
1536, -26851072 
1537, -26648320 
1538, -25914368 
1539, -25142784 
1540, -24519680 
1541, -23813632 
1542, -23187712 
1543, -22246912 
1544, -22242304 
1545, -20994560 
1546, -20152832 
1547, -18591744 
1548, -17886208 
1549, -17261824 
1550, -16353536 
1551, -16570368 
1552, -15134976 
1553, -15879424 
1554, -14807808 
1555, -15566592 
1556, -14822144 
1557, -14977536 
1558, -14904832 
1559, -14141696 
1560, -14355968 
1561, -13344256 
1562, -13401088 
1563, -12504576 
1564, -12924416 
1565, -12448256 
1566, -12758272 
1567, -12440320 
1568, -12293888 
1569, -13006336 
1570, -12804352 
1571, -12795904 
1572, -12698624 
1573, -13109248 
1574, -12996608 
1575, -13118976 
1576, -13723392 
1577, -13379328 
1578, -14008576 
1579, -13902336 
1580, -14012416 
1581, -14413568 
1582, -14807552 
1583, -15865088 
1584, -16200448 
1585, -16930048 
1586, -17224448 
1587, -18506752 
1588, -18978816 
1589, -19749376 
1590, -20436992 
1591, -20806144 
1592, -21911296 
1593, -22263296 
1594, -23553280 
1595, -24036608 
1596, -25008384 
1597, -25540096 
1598, -26446336 
1599, -27100160 
1600, -27838208 
1601, -28231936 
1602, -29015808 
1603, -30000128 
1604, -29899008 
1605, -30727680 
1606, -31436288 
1607, -30893568 
1608, -31440640 
1609, -31140864 
1610, -32095744 
1611, -31760896 
1612, -32414464 
1613, -32527104 
1614, -32675584 
1615, -32618752 
1616, -32843264 
1617, -33243648 
1618, -32831744 
1619, -33160704 
1620, -32686336 
1621, -33039872 
1622, -32307712 
1623, -32396032 
1624, -31514368 
1625, -31269632 
1626, -31483392 
1627, -30357248 
1628, -30656512 
1629, -29898496 
1630, -30073600 
1631, -29768448 
1632, -29134592 
1633, -28900864 
1634, -28614400 
1635, -27861248 
1636, -27225088 
1637, -26512896 
1638, -25651712 
1639, -24996352 
1640, -23896064 
1641, -24044800 
1642, -22877440 
1643, -22641920 
1644, -21714688 
1645, -21153024 
1646, -20433152 
1647, -19646976 
1648, -19292416 
1649, -18387712 
1650, -18054144 
1651, -17486080 
1652, -16664320 
1653, -16601088 
1654, -16056832 
1655, -16100608 
1656, -15272192 
1657, -15507456 
1658, -15072000 
1659, -15375872 
1660, -15313664 
1661, -15326464 
1662, -15739392 
1663, -15171584 
1664, -15811072 
1665, -15004672 
1666, -15284736 
1667, -15492352 
1668, -15187712 
1669, -15395584 
1670, -15738880 
1671, -15968256 
1672, -16205568 
1673, -16003328 
1674, -16518400 
1675, -16701952 
1676, -16834304 
1677, -17007104 
1678, -17291776 
1679, -17501952 
1680, -18108928 
1681, -18446080 
1682, -18778112 
1683, -19088640 
1684, -19465216 
1685, -19842304 
1686, -20528896 
1687, -21047552 
1688, -21554944 
1689, -22361088 
1690, -22505472 
1691, -23505152 
1692, -23526144 
1693, -24082432 
1694, -24076544 
1695, -24445952 
1696, -24963072 
1697, -24828928 
1698, -25206016 
1699, -25323008 
1700, -25970944 
1701, -25939712 
1702, -26345984 
1703, -26838784 
1704, -26912000 
1705, -27208448 
1706, -27273472 
1707, -27876096 
1708, -27632896 
1709, -28228864 
1710, -28397568 
1711, -27935232 
1712, -28460800 
1713, -27970816 
1714, -28335872 
1715, -27494656 
1716, -27677696 
1717, -27656704 
1718, -27280384 
1719, -27192832 
1720, -26581504 
1721, -26756352 
1722, -26009088 
1723, -25912064 
1724, -25352448 
1725, -25530624 
1726, -24128512 
1727, -24180736 
1728, -23409664 
1729, -22771456 
1730, -22327552 
1731, -21195776 
1732, -21048064 
1733, -20075008 
1734, -19716352 
1735, -18667008 
1736, -17952000 
1737, -17111552 
1738, -16646912 
1739, -15673600 
1740, -14601728 
1741, -13889792 
1742, -12857088 
1743, -12497920 
1744, -11394816 
1745, -11030016 
1746, -10577664 
1747, -10249728 
1748, -9979648 
1749, -9629440 
1750, -9121024 
1751, -8948224 
1752, -8676352 
1753, -8455680 
1754, -8121344 
1755, -8020736 
1756, -7449344 
1757, -7880704 
1758, -7451136 
1759, -7659520 
1760, -7317760 
1761, -7685376 
1762, -7678208 
1763, -7686656 
1764, -7584000 
1765, -7557888 
1766, -8210432 
1767, -7777024 
1768, -7930624 
1769, -8775680 
1770, -8605440 
1771, -9674752 
1772, -9512448 
1773, -10160896 
1774, -10484992 
1775, -11012608 
1776, -11467008 
1777, -11518464 
1778, -12137984 
1779, -12355328 
1780, -13677056 
1781, -13673728 
1782, -14400768 
1783, -14744832 
1784, -15364608 
1785, -15796480 
1786, -16534016 
1787, -17139456 
1788, -17031936 
1789, -17855232 
1790, -18256640 
1791, -18766080 
1792, -19129600 
1793, -19478016 
1794, -20276480 
1795, -21031424 
1796, -21576192 
1797, -22008320 
1798, -22133504 
1799, -22553344 
1800, -23057408 
1801, -22839808 
1802, -23585280 
1803, -23421440 
1804, -23362560 
1805, -23148288 
1806, -23277056 
1807, -23540992 
1808, -23421952 
1809, -23906304 
1810, -23467776 
1811, -23598848 
1812, -23730944 
1813, -23254528 
1814, -23283712 
1815, -23357184 
1816, -23117312 
1817, -22722560 
1818, -22821632 
1819, -22609664 
1820, -22507520 
1821, -22062592 
1822, -21676032 
1823, -21826304 
1824, -21472000 
1825, -21190656 
1826, -20469248 
1827, -20218368 
1828, -19981568 
1829, -19398656 
1830, -18878976 
1831, -18458880 
1832, -17533696 
1833, -17040128 
1834, -16453632 
1835, -16491008 
1836, -15700224 
1837, -15727872 
1838, -15023104 
1839, -14827520 
1840, -14647552 
1841, -14289408 
1842, -13939712 
1843, -13373440 
1844, -13358336 
1845, -13037312 
1846, -13201408 
1847, -12925952 
1848, -12842496 
1849, -13164032 
1850, -13327872 
1851, -13325824 
1852, -14102016 
1853, -13767424 
1854, -14278400 
1855, -14346240 
1856, -15017728 
1857, -15708672 
1858, -15940352 
1859, -16753408 
1860, -16882432 
1861, -17100032 
1862, -17883904 
1863, -17796096 
1864, -18100992 
1865, -18647040 
1866, -18993152 
1867, -19111680 
1868, -19547648 
1869, -20344576 
1870, -20914688 
1871, -21385472 
1872, -21851392 
1873, -22478080 
1874, -23066880 
1875, -24197376 
1876, -24832000 
1877, -25582336 
1878, -25773568 
1879, -27062272 
1880, -27262976 
1881, -27847680 
1882, -28612608 
1883, -28883968 
1884, -29618176 
1885, -30201600 
1886, -30778368 
1887, -31599360 
1888, -31797504 
1889, -32652288 
1890, -32648960 
1891, -32882944 
1892, -33243904 
1893, -33572096 
1894, -34080768 
1895, -33774592 
1896, -34822912 
1897, -34806528 
1898, -35560704 
1899, -34920448 
1900, -35246080 
1901, -35492352 
1902, -35229696 
1903, -35480576 
1904, -34667008 
1905, -35114240 
1906, -34696704 
1907, -34735104 
1908, -34735104 
1909, -34664960 
1910, -34952704 
1911, -34990336 
1912, -35303680 
1913, -35318016 
1914, -35600896 
1915, -35170304 
1916, -35882240 
1917, -35146752 
1918, -35189248 
1919, -34838016 
1920, -34061824 
1921, -33280512 
1922, -32116992 
1923, -31249408 
1924, -30104064 
1925, -29212928 
1926, -28458240 
1927, -27648256 
1928, -26781696 
1929, -25981184 
1930, -25421312 
1931, -24214528 
1932, -24366848 
1933, -22961408 
1934, -22012672 
1935, -20952832 
1936, -19774720 
1937, -18460160 
1938, -17196800 
1939, -16185344 
1940, -14683648 
1941, -13935360 
1942, -12768768 
1943, -12236032 
1944, -11248384 
1945, -10035456 
1946, -9616128 
1947, -8707072 
1948, -8490496 
1949, -7265536 
1950, -6962688 
1951, -6017024 
1952, -5370624 
1953, -4866304 
1954, -4045056 
1955, -3935488 
1956, -3158016 
1957, -3802112 
1958, -3084544 
1959, -3270400 
1960, -3153408 
1961, -3242496 
1962, -3734016 
1963, -3525376 
1964, -3804160 
1965, -3715072 
1966, -4578048 
1967, -4634368 
1968, -4803840 
1969, -5205760 
1970, -5982464 
1971, -6767616 
1972, -7780608 
1973, -8486912 
1974, -9481984 
1975, -10640384 
1976, -11150848 
1977, -12203264 
1978, -12976384 
1979, -13764864 
1980, -14645504 
1981, -15631616 
1982, -15957504 
1983, -16990208 
1984, -17710336 
1985, -18694400 
1986, -19485440 
1987, -20423936 
1988, -20826624 
1989, -21687296 
1990, -22768384 
1991, -23600128 
1992, -23979776 
1993, -24911104 
1994, -26012928 
1995, -26477824 
1996, -27288832 
1997, -27473920 
1998, -28670464 
1999, -28806144 
2000, -29587200 
2001, -30113536 
2002, -30766080 
2003, -30749440 
2004, -31812096 
2005, -31856128 
2006, -32535296 
2007, -32933120 
2008, -32924160 
2009, -33497856 
2010, -33171712 
2011, -33690368 
2012, -33155328 
2013, -33314048 
2014, -32850432 
2015, -32593920 
2016, -32355328 
2017, -31191296 
2018, -31269376 
2019, -30524928 
2020, -29839360 
2021, -29171712 
2022, -28613120 
2023, -27560960 
2024, -26896128 
2025, -25792512 
2026, -24159488 
2027, -23542528 
2028, -22009856 
2029, -21830912 
2030, -19983872 
2031, -19016704 
2032, -17787904 
2033, -16913152 
2034, -16166656 
2035, -14933504 
2036, -14662144 
2037, -13138432 
2038, -12365824 
2039, -11372032 
2040, -10884096 
2041, -9985536 
2042, -8725504 
2043, -8071936 
2044, -7161344 
2045, -6628096 
2046, -5790976 
2047, -5111808 
2048, -4553216 
2049, -4524544 
2050, -3937280 
2051, -3788288 
2052, -2992640 
2053, -2895104 
2054, -2948608 
2055, -2426880 
2056, -2315520 
2057, -1606400 
2058, -2135552 
2059, -1548032 
2060, -1705728 
2061, -1696256 
2062, -1918208 
2063, -2226688 
2064, -2081024 
2065, -2685184 
2066, -2980096 
2067, -3065088 
2068, -3711488 
2069, -4064256 
2070, -4729856 
2071, -4676608 
2072, -5572608 
2073, -6053376 
2074, -6462464 
2075, -7461120 
2076, -8065024 
2077, -8964608 
2078, -9689600 
2079, -10708480 
2080, -11271936 
2081, -12597248 
2082, -12769792 
2083, -13877248 
2084, -14575104 
2085, -14919168 
2086, -16641024 
2087, -16471040 
2088, -17700864 
2089, -18033920 
2090, -18767872 
2091, -19310848 
2092, -19472128 
2093, -20558080 
2094, -20750080 
2095, -21945600 
2096, -22434304 
2097, -23657472 
2098, -24163328 
2099, -25066240 
2100, -25632768 
2101, -26457088 
2102, -27009024 
2103, -27033344 
2104, -28232704 
2105, -28482304 
2106, -29328384 
2107, -28993024 
2108, -29744128 
2109, -30039296 
2110, -30934528 
2111, -31284480 
2112, -31419136 
2113, -31664896 
2114, -31780096 
2115, -31817728 
2116, -31846912 
2117, -31894272 
2118, -31749888 
2119, -31220480 
2120, -31219200 
2121, -30945792 
2122, -30886400 
2123, -30548736 
2124, -30351872 
2125, -30060800 
2126, -29336320 
2127, -29211392 
2128, -28597248 
2129, -28506880 
2130, -27452928 
2131, -27395072 
2132, -26454016 
2133, -26145536 
2134, -25862912 
2135, -25246464 
2136, -24917760 
2137, -24494336 
2138, -24378880 
2139, -24006656 
2140, -23403008 
2141, -22940672 
2142, -22641408 
2143, -22425344 
2144, -21564672 
2145, -21460736 
2146, -20464384 
2147, -20611328 
2148, -19632128 
2149, -19588096 
2150, -19210752 
2151, -18854912 
2152, -18806528 
2153, -17965824 
2154, -18418432 
2155, -17946368 
2156, -17763328 
2157, -17377024 
2158, -17760512 
2159, -16867072 
2160, -16966656 
2161, -17028608 
2162, -17176576 
2163, -17447424 
2164, -17216768 
2165, -17554432 
2166, -17747712 
2167, -17821696 
2168, -18109952 
2169, -18612992 
2170, -19180288 
2171, -19793152 
2172, -19998208 
2173, -20881920 
2174, -21251584 
2175, -22034944 
2176, -22239232 
2177, -23007488 
2178, -23255552 
2179, -24036864 
2180, -24188416 
2181, -24533760 
2182, -24693504 
2183, -24777728 
2184, -25139712 
2185, -25123328 
2186, -25644544 
2187, -25810176 
2188, -26064128 
2189, -26160384 
2190, -26374144 
2191, -26671616 
2192, -27035904 
2193, -27301376 
2194, -27248128 
2195, -27569152 
2196, -27655424 
2197, -27987712 
2198, -27933696 
2199, -27946240 
2200, -28211712 
2201, -28183808 
2202, -28337408 
2203, -28185856 
2204, -28400384 
2205, -27666944 
2206, -27870720 
2207, -26858496 
2208, -26375680 
2209, -26369024 
2210, -25811200 
2211, -25433856 
2212, -24742144 
2213, -24107008 
2214, -23536896 
2215, -23277312 
2216, -22497792 
2217, -21875200 
2218, -21311744 
2219, -20364544 
2220, -20036608 
2221, -18782720 
2222, -18294016 
2223, -17670912 
2224, -17236736 
2225, -16446976 
2226, -15825408 
2227, -15151360 
2228, -14473984 
2229, -13677312 
2230, -13140480 
2231, -12274688 
2232, -11310080 
2233, -10778368 
2234, -10180352 
2235, -9384448 
2236, -8961024 
2237, -8859648 
2238, -8449024 
2239, -8399616 
2240, -7920896 
2241, -7749888 
2242, -7805440 
2243, -7224576 
2244, -7054336 
2245, -6337536 
2246, -6244608 
2247, -6255616 
2248, -6049536 
2249, -6078720 
2250, -6069504 
2251, -5766400 
2252, -5819392 
2253, -5951744 
2254, -5773824 
2255, -5825792 
2256, -5901824 
2257, -5861632 
2258, -6453504 
2259, -6453248 
2260, -6557440 
2261, -7202304 
2262, -7442432 
2263, -7695360 
2264, -7773184 
2265, -8395264 
2266, -8487168 
2267, -9133824 
2268, -9772800 
2269, -9586944 
2270, -10546432 
2271, -10732800 
2272, -11545600 
2273, -11911680 
2274, -12472576 
2275, -13140224 
2276, -13046784 
2277, -14399488 
2278, -14259712 
2279, -15164416 
2280, -14979072 
2281, -16061440 
2282, -16223488 
2283, -16872448 
2284, -17317632 
2285, -18118400 
2286, -18492416 
2287, -19332864 
2288, -19688960 
2289, -19756800 
2290, -20514560 
2291, -20384512 
2292, -21192704 
2293, -21240064 
2294, -20995584 
2295, -21115648 
2296, -20952832 
2297, -21335808 
2298, -21455616 
2299, -21641472 
2300, -21198848 
2301, -21658112 
2302, -21191424 
2303, -21458176 
2304, -21122048 
2305, -20515072 
2306, -20323840 
2307, -19686912 
2308, -18825984 
2309, -18290944 
2310, -17704192 
2311, -17083904 
2312, -16511488 
2313, -15938816 
2314, -15493632 
2315, -15136512 
2316, -14621184 
2317, -14057216 
2318, -13607168 
2319, -13095424 
2320, -12775424 
2321, -11938048 
2322, -11926784 
2323, -10905856 
2324, -10628608 
2325, -10387200 
2326, -9965312 
2327, -10128896 
2328, -9582848 
2329, -9564160 
2330, -8898048 
2331, -9052416 
2332, -8643072 
2333, -8162816 
2334, -8264704 
2335, -7517184 
2336, -8354304 
2337, -7907584 
2338, -8409856 
2339, -8202752 
2340, -8423936 
2341, -8704000 
2342, -8625920 
2343, -9075200 
2344, -8696064 
2345, -9384448 
2346, -9799424 
2347, -9956608 
2348, -9987584 
2349, -10222848 
2350, -10714368 
2351, -11098112 
2352, -11818240 
2353, -11986944 
2354, -12882176 
2355, -12939520 
2356, -13607424 
2357, -14375680 
2358, -14517248 
2359, -15424256 
2360, -15997696 
2361, -16839936 
2362, -17132032 
2363, -18309376 
2364, -18510080 
2365, -19340544 
2366, -19942656 
2367, -20216064 
2368, -20791552 
2369, -21035776 
2370, -21516800 
2371, -21607680 
2372, -22267392 
2373, -22374912 
2374, -23125248 
2375, -23334656 
2376, -23467264 
2377, -24686592 
2378, -24930048 
2379, -25499648 
2380, -25724160 
2381, -26542848 
2382, -26718464 
2383, -27392000 
2384, -27581440 
2385, -27900416 
2386, -28485376 
2387, -28558080 
2388, -29439744 
2389, -29521408 
2390, -30041088 
2391, -30359552 
2392, -30873344 
2393, -31249920 
2394, -30968576 
2395, -31761664 
2396, -31200256 
2397, -31526400 
2398, -31438336 
2399, -31180288 
2400, -30665216 
2401, -30080256 
2402, -30252032 
2403, -29154048 
2404, -28755456 
2405, -27939328 
2406, -27652352 
2407, -26679040 
2408, -25965312 
2409, -24901888 
2410, -24345088 
2411, -23536896 
2412, -22342912 
2413, -22053888 
2414, -20543744 
2415, -19567104 
2416, -18595328 
2417, -17477632 
2418, -16384256 
2419, -15202816 
2420, -14343168 
2421, -13182976 
2422, -12139520 
2423, -11283456 
2424, -10532352 
2425, -9623296 
2426, -9250560 
2427, -8726528 
2428, -7764480 
2429, -7623168 
2430, -6887936 
2431, -6640384 
2432, -6225920 
2433, -5080320 
2434, -4782336 
2435, -3696128 
2436, -4003840 
2437, -3532288 
2438, -3386880 
2439, -3321344 
2440, -2981888 
2441, -3586816 
2442, -3133952 
2443, -3250176 
2444, -2975232 
2445, -2784000 
2446, -3127040 
2447, -2948864 
2448, -2921984 
2449, -3122176 
2450, -3457280 
2451, -3921664 
2452, -4602624 
2453, -4990976 
2454, -5310208 
2455, -5921792 
2456, -6864128 
2457, -7170048 
2458, -7746560 
2459, -8482560 
2460, -9064448 
2461, -9810176 
2462, -10123776 
2463, -10953472 
2464, -12178176 
2465, -12511488 
2466, -13434624 
2467, -14451712 
2468, -14769152 
2469, -15906816 
2470, -16581632 
2471, -17555968 
2472, -18472960 
2473, -19151872 
2474, -19703808 
2475, -20787712 
2476, -21658880 
2477, -22897920 
2478, -23215616 
2479, -24090112 
2480, -24689664 
2481, -25737216 
2482, -26048768 
2483, -26644224 
2484, -27132928 
2485, -27573504 
2486, -28274944 
2487, -28575744 
2488, -28907008 
2489, -29990400 
2490, -30302976 
2491, -30732032 
2492, -31070208 
2493, -31571968 
2494, -31394560 
2495, -31838208 
2496, -31596800 
2497, -31073536 
2498, -31051520 
2499, -30975232 
2500, -30481664 
2501, -30334720 
2502, -30023168 
2503, -28873216 
2504, -28685568 
2505, -28282880 
2506, -27678720 
2507, -26761216 
2508, -26101504 
2509, -25257472 
2510, -24595968 
2511, -23297280 
2512, -22901760 
2513, -21716224 
2514, -21080320 
2515, -20704768 
2516, -19567616 
2517, -19081472 
2518, -18198016 
2519, -17440256 
2520, -16976128 
2521, -16249088 
2522, -15259392 
2523, -14791424 
2524, -14157312 
2525, -13157120 
2526, -12661504 
2527, -12173824 
2528, -11610112 
2529, -11342592 
2530, -11244032 
2531, -11298560 
2532, -10963712 
2533, -11055872 
2534, -11136768 
2535, -10998272 
2536, -11300096 
2537, -11134720 
2538, -11611136 
2539, -11745280 
2540, -11838208 
2541, -12212736 
2542, -12598272 
2543, -12867584 
2544, -12883712 
2545, -13856512 
2546, -14002176 
2547, -14660096 
2548, -14641152 
2549, -15365632 
2550, -16069120 
2551, -16613888 
2552, -17539584 
2553, -17952000 
2554, -18935296 
2555, -19477248 
2556, -20131840 
2557, -20743424 
2558, -20873984 
2559, -21549568 
2560, -21804032 
2561, -22383616 
2562, -22805760 
2563, -23150080 
2564, -23223296 
2565, -23565568 
2566, -23649280 
2567, -23931648 
2568, -23975168 
2569, -24134912 
2570, -24105984 
2571, -24259584 
2572, -24064000 
2573, -24477184 
2574, -24036608 
2575, -24463104 
2576, -24855808 
2577, -24516352 
2578, -24969728 
2579, -25336064 
2580, -25424128 
2581, -25530112 
2582, -25818112 
2583, -25861632 
2584, -25951232 
2585, -25867264 
2586, -25842176 
2587, -25855744 
2588, -26098944 
2589, -25875968 
2590, -25879296 
2591, -26053120 
2592, -25793536 
2593, -26161408 
2594, -25947904 
2595, -25725440 
2596, -25850880 
2597, -25496320 
2598, -25391616 
2599, -25107712 
2600, -24572928 
2601, -24434176 
2602, -23461888 
2603, -23492864 
2604, -22551552 
2605, -22178816 
2606, -21393920 
2607, -21055232 
2608, -20515584 
2609, -20135936 
2610, -19617280 
2611, -19009792 
2612, -18555136 
2613, -17526784 
2614, -17140480 
2615, -16581632 
2616, -16318976 
2617, -15965184 
2618, -15381504 
2619, -15349504 
2620, -14439168 
2621, -14614528 
2622, -14133248 
2623, -14067456 
2624, -13535232 
2625, -13936384 
2626, -14019584 
2627, -13256704 
2628, -13836032 
2629, -13062400 
2630, -13568512 
2631, -13686528 
2632, -13706240 
2633, -14111744 
2634, -14526208 
2635, -14569472 
2636, -15096832 
2637, -15110656 
2638, -15769600 
2639, -16058880 
2640, -16559872 
2641, -17285888 
2642, -17412352 
2643, -18306560 
2644, -18287360 
2645, -19119616 
2646, -18892288 
2647, -19961856 
2648, -20106240 
2649, -20620288 
2650, -21150720 
2651, -21330432 
2652, -21975552 
2653, -22395392 
2654, -22463488 
2655, -23353088 
2656, -23712512 
2657, -23773952 
2658, -24158720 
2659, -23795712 
2660, -24676096 
2661, -23712512 
2662, -24666112 
2663, -24232192 
2664, -24344064 
2665, -24741376 
2666, -24720128 
2667, -25243136 
2668, -24457984 
2669, -25532672 
2670, -24696320 
2671, -25606912 
2672, -25057792 
2673, -25573120 
2674, -25174272 
2675, -25248000 
2676, -25263616 
2677, -24613632 
2678, -25170688 
2679, -23515392 
2680, -23985408 
2681, -22940160 
2682, -23659008 
2683, -22443520 
2684, -22065408 
2685, -21709824 
2686, -21213952 
2687, -20662528 
2688, -20068864 
2689, -19983872 
2690, -18990848 
2691, -18560000 
2692, -17700864 
2693, -17464832 
2694, -15907328 
2695, -15945984 
2696, -14649600 
2697, -13635072 
2698, -12803840 
2699, -11751680 
2700, -10693632 
2701, -9254400 
2702, -9333504 
2703, -7689728 
2704, -7839488 
2705, -6682880 
2706, -6475264 
2707, -4999680 
2708, -4507136 
2709, -3683584 
2710, -2870272 
2711, -2118144 
2712, -900352 
2713, -1176832 
2714, 256512 
2715, -164864 
2716, 853760 
2717, 592640 
2718, 1169664 
2719, 728832 
2720, 770816 
2721, 1245952 
2722, 883712 
2723, 1543424 
2724, 1027840 
2725, 1781248 
2726, 1451776 
2727, 2398720 
2728, 1860608 
2729, 2084608 
2730, 1323776 
2731, 1479168 
2732, 1270784 
2733, 814336 
2734, 534016 
2735, -656128 
2736, -345600 
2737, -1325312 
2738, -1248256 
2739, -2239488 
2740, -2122496 
2741, -2608896 
2742, -3215616 
2743, -3840000 
2744, -4385280 
2745, -4772608 
2746, -5563392 
2747, -5750016 
2748, -6797824 
2749, -6898944 
2750, -7576064 
2751, -7979776 
2752, -8328960 
2753, -8664320 
2754, -9484032 
2755, -9758208 
2756, -9892352 
2757, -10670080 
2758, -10963456 
2759, -11396608 
2760, -11685120 
2761, -12388352 
2762, -12248832 
2763, -12466944 
2764, -12608000 
2765, -12615680 
2766, -13064960 
2767, -13014272 
2768, -13476096 
2769, -13581312 
2770, -13887232 
2771, -13816832 
2772, -13977600 
2773, -13976832 
2774, -14081280 
2775, -13954304 
2776, -13196544 
2777, -13924096 
2778, -13229056 
2779, -13943296 
2780, -13475072 
2781, -13363200 
2782, -13679872 
2783, -13665536 
2784, -13525248 
2785, -12393472 
2786, -12687872 
2787, -11966208 
2788, -11132416 
2789, -11211520 
2790, -10838528 
2791, -10114304 
2792, -10329344 
2793, -9484032 
2794, -9624832 
2795, -8966144 
2796, -8431104 
2797, -7955200 
2798, -7936512 
2799, -7123712 
2800, -6637824 
2801, -6450944 
2802, -6105600 
2803, -6294272 
2804, -5498112 
2805, -6188800 
2806, -6081024 
2807, -6376448 
2808, -6453248 
2809, -6689792 
2810, -6680320 
2811, -7055616 
2812, -6950144 
2813, -7205632 
2814, -7037184 
2815, -7270656 
2816, -7417088 
2817, -7333376 
2818, -8124160 
2819, -8093184 
2820, -8898560 
2821, -9340416 
2822, -10119168 
2823, -10833920 
2824, -11284992 
2825, -11990272 
2826, -12628736 
2827, -13439488 
2828, -14065664 
2829, -14690304 
2830, -15398912 
2831, -15939072 
2832, -16602880 
2833, -17478144 
2834, -17925888 
2835, -18765056 
2836, -19462912 
2837, -20079104 
2838, -20809216 
2839, -21444608 
2840, -22067200 
2841, -22587392 
2842, -23370496 
2843, -24155648 
2844, -25331968 
2845, -25291008 
2846, -26648576 
2847, -26307840 
2848, -27518976 
2849, -27090944 
2850, -28258560 
2851, -28555776 
2852, -29088000 
2853, -29400320 
2854, -29622016 
2855, -30833152 
2856, -30382080 
2857, -31642112 
2858, -31032576 
2859, -31733248 
2860, -31351296 
2861, -32217600 
2862, -32055552 
2863, -32424448 
2864, -32407552 
2865, -32090112 
2866, -32822272 
2867, -32216576 
2868, -32726784 
2869, -32494848 
2870, -33186304 
2871, -33083904 
2872, -33841152 
2873, -33384704 
2874, -33700608 
2875, -34002176 
2876, -33878272 
2877, -33931008 
2878, -33440768 
2879, -33417984 
2880, -32653824 
2881, -33012480 
2882, -31794432 
2883, -31821312 
2884, -31070464 
2885, -30823424 
2886, -30093568 
2887, -29372672 
2888, -28484608 
2889, -28133376 
2890, -27784448 
2891, -26425856 
2892, -25920000 
2893, -24656384 
2894, -24893952 
2895, -23468544 
2896, -23097088 
2897, -22152192 
2898, -21867776 
2899, -20869888 
2900, -20738816 
2901, -20034816 
2902, -19322624 
2903, -18927616 
2904, -18470912 
2905, -18197248 
2906, -17054208 
2907, -17227008 
2908, -15818752 
2909, -15849472 
2910, -15302144 
2911, -14372608 
2912, -14027008 
2913, -13334272 
2914, -13472512 
2915, -12349952 
2916, -12879104 
2917, -12029440 
2918, -12767744 
2919, -12185088 
2920, -11907840 
2921, -11732736 
2922, -11331328 
2923, -11470080 
2924, -10872832 
2925, -10709248 
2926, -9881600 
2927, -10007808 
2928, -9849088 
2929, -9757952 
2930, -10108416 
2931, -9980672 
2932, -10631168 
2933, -10510080 
2934, -11145984 
2935, -11105024 
2936, -11770880 
2937, -11970816 
2938, -12305408 
2939, -12704256 
2940, -13148928 
2941, -13902080 
2942, -13942528 
2943, -15013120 
2944, -14818304 
2945, -16056320 
2946, -16347136 
2947, -17561856 
2948, -17973760 
2949, -18375168 
2950, -19566336 
2951, -19901696 
2952, -20473088 
2953, -21248768 
2954, -22168832 
2955, -22930176 
2956, -23810560 
2957, -24406528 
2958, -25301504 
2959, -26057472 
2960, -26906624 
2961, -27918336 
2962, -28134400 
2963, -29072896 
2964, -29399808 
2965, -30010368 
2966, -30291200 
2967, -30397696 
2968, -31008512 
2969, -30539776 
2970, -31341824 
2971, -30786560 
2972, -30775296 
2973, -30583040 
2974, -30014208 
2975, -30477312 
2976, -29987072 
2977, -29937152 
2978, -29558528 
2979, -29505792 
2980, -28210176 
2981, -27767296 
2982, -27090688 
2983, -26493184 
2984, -25671424 
2985, -24437760 
2986, -23622144 
2987, -22671360 
2988, -21905152 
2989, -21236992 
2990, -20449280 
2991, -19233280 
2992, -18421760 
2993, -17469952 
2994, -17061120 
2995, -16348928 
2996, -15290112 
2997, -14961152 
2998, -13988608 
2999, -13503232 
3000, -12460032 
3001, -12133376 
3002, -10737408 
3003, -10546432 
3004, -9193728 
3005, -9187328 
3006, -8278016 
3007, -8147200 
3008, -8017920 
3009, -7273216 
3010, -7241472 
3011, -6699776 
3012, -6495744 
3013, -6315008 
3014, -5822464 
3015, -5955584 
3016, -5851136 
3017, -5483520 
3018, -5352960 
3019, -5073664 
3020, -5399552 
3021, -4759808 
3022, -5341952 
3023, -5613056 
3024, -5384192 
3025, -5676544 
3026, -5920256 
3027, -6330624 
3028, -6176256 
3029, -6861568 
3030, -7325440 
3031, -7203840 
3032, -7596800 
3033, -8086784 
3034, -8730112 
3035, -9569792 
3036, -9573376 
3037, -10544640 
3038, -10724096 
3039, -11390208 
3040, -11342080 
3041, -11959808 
3042, -12016640 
3043, -12991232 
3044, -12975360 
3045, -13844992 
3046, -14030080 
3047, -14502656 
3048, -15332608 
3049, -15376896 
3050, -16416000 
3051, -16389120 
3052, -17325312 
3053, -16778752 
3054, -17715968 
3055, -17975296 
3056, -18038528 
3057, -18522624 
3058, -18439680 
3059, -18725120 
3060, -18679296 
3061, -19438592 
3062, -18961408 
3063, -19967232 
3064, -19181824 
3065, -19753472 
3066, -19514112 
3067, -19569920 
3068, -19842816 
3069, -19224320 
3070, -20125952 
3071, -19225344 
3072, -20169472 
3073, -19531776 
3074, -20205568 
3075, -19421696 
3076, -19406336 
3077, -19286528 
3078, -18767616 
3079, -18688768 
3080, -18337792 
3081, -18361600 
3082, -17826048 
3083, -18009856 
3084, -17304320 
3085, -17395200 
3086, -16508416 
3087, -16849664 
3088, -16428800 
3089, -16162304 
3090, -16078592 
3091, -15701248 
3092, -15914240 
3093, -14938624 
3094, -15484672 
3095, -14755840 
3096, -15103232 
3097, -14714880 
3098, -15142656 
3099, -14877952 
3100, -14772480 
3101, -15028736 
3102, -14691840 
3103, -15377152 
3104, -14467072 
3105, -14815744 
3106, -14315008 
3107, -14392064 
3108, -14267904 
3109, -14415872 
3110, -14217472 
3111, -14366720 
3112, -14113536 
3113, -13892864 
3114, -13996288 
3115, -14419456 
3116, -13676032 
3117, -13734400 
3118, -14337024 
3119, -13924608 
3120, -14462208 
3121, -14177280 
3122, -14628864 
3123, -14275840 
3124, -14958080 
3125, -14577664 
3126, -14725632 
3127, -14737920 
3128, -14905344 
3129, -14944000 
3130, -14859776 
3131, -14947072 
3132, -15057408 
3133, -15294976 
3134, -15100416 
3135, -15578880 
3136, -15653888 
3137, -16218112 
3138, -16198144 
3139, -16514048 
3140, -17223424 
3141, -16393472 
3142, -17000960 
3143, -17249536 
3144, -17438464 
3145, -17633536 
3146, -17462528 
3147, -17634304 
3148, -17905664 
3149, -18718720 
3150, -18167552 
3151, -19145728 
3152, -19296512 
3153, -19741184 
3154, -19694336 
3155, -19715840 
3156, -20291584 
3157, -19995904 
3158, -20763648 
3159, -20774400 
3160, -21449728 
3161, -21050112 
3162, -21232384 
3163, -21249280 
3164, -21626112 
3165, -20979712 
3166, -21016320 
3167, -21848832 
3168, -21098752 
3169, -20986624 
3170, -20694016 
3171, -19908096 
3172, -19503616 
3173, -18927616 
3174, -18285312 
3175, -17622528 
3176, -17132544 
3177, -16831232 
3178, -16098816 
3179, -15614976 
3180, -15376384 
3181, -14351360 
3182, -14241792 
3183, -13745152 
3184, -12980736 
3185, -11734272 
3186, -11645440 
3187, -10095360 
3188, -9627136 
3189, -8666368 
3190, -8006144 
3191, -7704320 
3192, -6894080 
3193, -6506240 
3194, -5850880 
3195, -5808896 
3196, -5578752 
3197, -5149696 
3198, -4775680 
3199, -4474368 
3200, -4298240 
3201, -4198656 
3202, -3885312 
3203, -3447552 
3204, -3760128 
3205, -3273984 
3206, -3744768 
3207, -3654912 
3208, -3245056 
3209, -3580416 
3210, -3655168 
3211, -3878400 
3212, -3771392 
3213, -3957248 
3214, -4348672 
3215, -4698624 
3216, -5309696 
3217, -5232384 
3218, -5962752 
3219, -5752576 
3220, -6514432 
3221, -6669056 
3222, -6981888 
3223, -8081664 
3224, -8288768 
3225, -8745472 
3226, -9073152 
3227, -9913344 
3228, -9815808 
3229, -10352384 
3230, -10758400 
3231, -10857472 
3232, -11112192 
3233, -11009024 
3234, -11676160 
3235, -11621376 
3236, -12078336 
3237, -11913984 
3238, -12587008 
3239, -12727808 
3240, -12856064 
3241, -13061120 
3242, -12702208 
3243, -12970752 
3244, -12673280 
3245, -12971008 
3246, -12663552 
3247, -12338176 
3248, -12356352 
3249, -11913216 
3250, -11835392 
3251, -11900416 
3252, -11918336 
3253, -11957760 
3254, -12290560 
3255, -12257280 
3256, -11811328 
3257, -11991808 
3258, -12148224 
3259, -12340480 
3260, -12250112 
3261, -12214016 
3262, -12595968 
3263, -12137984 
3264, -12881408 
3265, -12322304 
3266, -12240384 
3267, -12232448 
3268, -12094720 
3269, -11907584 
3270, -11893504 
3271, -11730176 
3272, -11464448 
3273, -11758848 
3274, -11519232 
3275, -11842048 
3276, -11173120 
3277, -11616000 
3278, -10932224 
3279, -10860032 
3280, -10871040 
3281, -10214144 
3282, -10741504 
3283, -9810176 
3284, -10564608 
3285, -9784320 
3286, -10390016 
3287, -9645568 
3288, -9713152 
3289, -10039808 
3290, -9686528 
3291, -10296320 
3292, -9508608 
3293, -10208768 
3294, -9821952 
3295, -9819392 
3296, -10102528 
3297, -9649408 
3298, -10578176 
3299, -10118912 
3300, -10658048 
3301, -10904832 
3302, -11497472 
3303, -11605504 
3304, -12328448 
3305, -12590848 
3306, -12800768 
3307, -13432064 
3308, -13784064 
3309, -14309376 
3310, -14673664 
3311, -15147008 
3312, -15212032 
3313, -16272384 
3314, -16557824 
3315, -16856320 
3316, -17919232 
3317, -18512640 
3318, -19252480 
3319, -19523840 
3320, -20488704 
3321, -21132544 
3322, -21814016 
3323, -21983744 
3324, -22065152 
3325, -22483456 
3326, -22396928 
3327, -22870016 
3328, -22691840 
3329, -23187712 
3330, -22832896 
3331, -23225088 
3332, -23307776 
3333, -23283712 
3334, -23535872 
3335, -23464960 
3336, -23578368 
3337, -23580160 
3338, -23571200 
3339, -23389184 
3340, -22636288 
3341, -23185152 
3342, -22613504 
3343, -22358784 
3344, -21973760 
3345, -21801216 
3346, -21842944 
3347, -21716224 
3348, -21735936 
3349, -21491968 
3350, -21926912 
3351, -21658624 
3352, -22196480 
3353, -21421056 
3354, -21503232 
3355, -20995328 
3356, -21410048 
3357, -20903680 
3358, -20972032 
3359, -20764672 
3360, -20517888 
3361, -20505344 
3362, -19845632 
3363, -20255744 
3364, -19325440 
3365, -19558400 
3366, -18953728 
3367, -18864384 
3368, -18614784 
3369, -17950464 
3370, -17820160 
3371, -16776448 
3372, -17222400 
3373, -16133120 
3374, -16049920 
3375, -15209472 
3376, -15073536 
3377, -14737664 
3378, -14206720 
3379, -14245120 
3380, -13236992 
3381, -13445888 
3382, -12759808 
3383, -12475648 
3384, -11738368 
3385, -11730432 
3386, -11128832 
3387, -10892288 
3388, -10735872 
3389, -9633536 
3390, -9981696 
3391, -9552640 
3392, -9498880 
3393, -9366272 
3394, -9071104 
3395, -9012992 
3396, -8852480 
3397, -8845056 
3398, -8227840 
3399, -8462336 
3400, -7889664 
3401, -7873792 
3402, -8072192 
3403, -7739904 
3404, -7347712 
3405, -7708160 
3406, -8103680 
3407, -7831296 
3408, -7979008 
3409, -7873280 
3410, -8529152 
3411, -8488448 
3412, -8588544 
3413, -9164032 
3414, -9121280 
3415, -10675200 
3416, -10086656 
3417, -11364096 
3418, -11545088 
3419, -11913216 
3420, -12415488 
3421, -12764160 
3422, -13924864 
3423, -14248448 
3424, -14797056 
3425, -15382016 
3426, -15956480 
3427, -16802816 
3428, -17161216 
3429, -17955584 
3430, -18373888 
3431, -19457536 
3432, -19367680 
3433, -20025600 
3434, -20248064 
3435, -21007104 
3436, -21797632 
3437, -21862656 
3438, -22370560 
3439, -23014144 
3440, -23795968 
3441, -23567872 
3442, -24447488 
3443, -24240384 
3444, -24675328 
3445, -24830208 
3446, -25296128 
3447, -25628672 
3448, -25253888 
3449, -26084096 
3450, -25835008 
3451, -26291968 
3452, -26084608 
3453, -26280960 
3454, -26227200 
3455, -25838592 
3456, -26019072 
3457, -25211648 
3458, -25573120 
3459, -24749568 
3460, -24804864 
3461, -24523264 
3462, -24176896 
3463, -24144384 
3464, -23450624 
3465, -23319552 
3466, -22487296 
3467, -22441472 
3468, -21396736 
3469, -21211136 
3470, -20782336 
3471, -20147968 
3472, -19774720 
3473, -18831616 
3474, -18818048 
3475, -17811712 
3476, -17855744 
3477, -16267008 
3478, -16529664 
3479, -15465216 
3480, -15417600 
3481, -14824192 
3482, -14474496 
3483, -14504960 
3484, -13636352 
3485, -13869312 
3486, -13076480 
3487, -12975872 
3488, -12178944 
3489, -12303104 
3490, -12052480 
3491, -11426560 
3492, -12029184 
3493, -11116032 
3494, -11714560 
3495, -10846976 
3496, -11452416 
3497, -10626048 
3498, -10849024 
3499, -11074816 
3500, -11216384 
3501, -11540480 
3502, -11277056 
3503, -12239360 
3504, -11718144 
3505, -12390400 
3506, -12684032 
3507, -13044736 
3508, -13454336 
3509, -13593344 
3510, -13976320 
3511, -14232320 
3512, -15281152 
3513, -15036928 
3514, -16242432 
3515, -16385280 
3516, -16687872 
3517, -17445888 
3518, -17853952 
3519, -18634240 
3520, -18585088 
3521, -19533824 
3522, -19676160 
3523, -20260352 
3524, -20625920 
3525, -20794112 
3526, -21742080 
3527, -21807104 
3528, -22344704 
3529, -22244608 
3530, -22746624 
3531, -23042048 
3532, -23109376 
3533, -23140096 
3534, -23003136 
3535, -23241728 
3536, -22669312 
3537, -22666240 
3538, -21839104 
3539, -21376768 
3540, -21422080 
3541, -20433152 
3542, -20714752 
3543, -20067584 
3544, -20018688 
3545, -19325696 
3546, -19626752 
3547, -18689536 
3548, -18515456 
3549, -18300160 
3550, -17301248 
3551, -17452032 
3552, -16623872 
3553, -16645120 
3554, -15866624 
3555, -15824640 
3556, -15207168 
3557, -15081984 
3558, -14816512 
3559, -14081792 
3560, -13812736 
3561, -13392384 
3562, -13212672 
3563, -13134336 
3564, -12588032 
3565, -12614144 
3566, -12097536 
3567, -11948800 
3568, -12174592 
3569, -11628032 
3570, -11629568 
3571, -11277824 
3572, -11046656 
3573, -11547392 
3574, -10760192 
3575, -11140864 
3576, -11252992 
3577, -11445760 
3578, -11342080 
3579, -11826176 
3580, -11682304 
3581, -11604224 
3582, -11867904 
3583, -12088576 
3584, -12281600 
3585, -12125952 
3586, -12393728 
3587, -12404480 
3588, -12305920 
3589, -12725504 
3590, -12601344 
3591, -12921088 
3592, -13048064 
3593, -12849408 
3594, -13362176 
3595, -13141248 
3596, -13664768 
3597, -13221888 
3598, -14060800 
3599, -13787392 
3600, -14015232 
3601, -14454784 
3602, -14486528 
3603, -15219968 
3604, -15158272 
3605, -15794176 
3606, -15947264 
3607, -16610048 
3608, -16608512 
3609, -16745472 
3610, -17309952 
3611, -17491712 
3612, -17606144 
3613, -17655296 
3614, -18429696 
3615, -18300672 
3616, -19552000 
3617, -19233536 
3618, -19589376 
3619, -19698176 
3620, -19607040 
3621, -19740928 
3622, -19470080 
3623, -20030976 
3624, -19613696 
3625, -19478528 
3626, -19165952 
3627, -19209728 
3628, -19407360 
3629, -19366144 
3630, -19618816 
3631, -19152640 
3632, -19318784 
3633, -18972416 
3634, -18533888 
3635, -18344448 
3636, -17825280 
3637, -17809664 
3638, -17089536 
3639, -16943104 
3640, -15955968 
3641, -16369152 
3642, -15323392 
3643, -14960128 
3644, -14546432 
3645, -13390592 
3646, -13670400 
3647, -12390912 
3648, -12384768 
3649, -11360256 
3650, -10766592 
3651, -10546432 
3652, -9436672 
3653, -9204736 
3654, -7759616 
3655, -7672064 
3656, -6182912 
3657, -5785856 
3658, -4842752 
3659, -4337408 
3660, -2914560 
3661, -1951488 
3662, -1804288 
3663, -779264 
3664, -846592 
3665, 412928 
3666, 753408 
3667, 1371648 
3668, 2164480 
3669, 2123264 
3670, 3154432 
3671, 3063040 
3672, 4144128 
3673, 4436736 
3674, 4978944 
3675, 5776640 
3676, 5884416 
3677, 6169856 
3678, 6245120 
3679, 6103808 
3680, 5615616 
3681, 6223872 
3682, 5875968 
3683, 5719296 
3684, 5522432 
3685, 5581056 
3686, 5207808 
3687, 4981504 
3688, 5305600 
3689, 4997120 
3690, 4723712 
3691, 4072704 
3692, 3979776 
3693, 3732992 
3694, 3254784 
3695, 3089920 
3696, 2798080 
3697, 2182144 
3698, 1728256 
3699, 1093120 
3700, 1010944 
3701, -155392 
3702, -503296 
3703, -1614336 
3704, -2131712 
3705, -2822912 
3706, -3710208 
3707, -4502528 
3708, -5171200 
3709, -5681920 
3710, -6316544 
3711, -6814208 
3712, -7422464 
3713, -8047104 
3714, -8618240 
3715, -9317120 
3716, -9304320 
3717, -9860096 
3718, -10162688 
3719, -10479872 
3720, -10536192 
3721, -10739968 
3722, -10451200 
3723, -10434048 
3724, -10278656 
3725, -10319104 
3726, -10680576 
3727, -10241280 
3728, -10683392 
3729, -10320896 
3730, -10141184 
3731, -10132480 
3732, -9396480 
3733, -10062336 
3734, -9252096 
3735, -9130240 
3736, -7873280 
3737, -8026112 
3738, -7504640 
3739, -6942720 
3740, -6759168 
3741, -6455296 
3742, -6415616 
3743, -6115584 
3744, -5765632 
3745, -5225984 
3746, -5095680 
3747, -4518656 
3748, -3844352 
3749, -3741184 
3750, -3552512 
3751, -3252224 
3752, -2755840 
3753, -3200768 
3754, -3238144 
3755, -2977024 
3756, -2826752 
3757, -2963456 
3758, -2759680 
3759, -2617088 
3760, -2636544 
3761, -2715392 
3762, -3228928 
3763, -3428096 
3764, -3544320 
3765, -3628544 
3766, -3328768 
3767, -4054528 
3768, -4199936 
3769, -4758784 
3770, -5106176 
3771, -5246208 
3772, -5776640 
3773, -5946368 
3774, -6596096 
3775, -6755584 
3776, -7209984 
3777, -7425280 
3778, -8248320 
3779, -8547840 
3780, -9012992 
3781, -9572352 
3782, -10281216 
3783, -11578112 
3784, -11711232 
3785, -13078016 
3786, -13382144 
3787, -15200256 
3788, -15653632 
3789, -16988160 
3790, -17912832 
3791, -19151616 
3792, -20106752 
3793, -20720384 
3794, -22302464 
3795, -22697472 
3796, -24300032 
3797, -24428544 
3798, -25693184 
3799, -26528768 
3800, -27328000 
3801, -28622336 
3802, -29397504 
3803, -29991168 
3804, -30429184 
3805, -31552000 
3806, -32042752 
3807, -32925952 
3808, -33325312 
3809, -33364992 
3810, -33929472 
3811, -33933568 
3812, -34342400 
3813, -34177536 
3814, -34307584 
3815, -34434816 
3816, -34384384 
3817, -34275840 
3818, -34462720 
3819, -34102016 
3820, -33835264 
3821, -33824768 
3822, -33225216 
3823, -33272832 
3824, -32317440 
3825, -32213760 
3826, -31395328 
3827, -30220544 
3828, -29833984 
3829, -29588992 
3830, -29258240 
3831, -28476928 
3832, -28819456 
3833, -27951616 
3834, -27754240 
3835, -27414272 
3836, -26728192 
3837, -26218240 
3838, -25219328 
3839, -24835840 
3840, -23752448 
3841, -23211520 
3842, -22670848 
3843, -22027520 
3844, -21310464 
3845, -20414720 
3846, -20480768 
3847, -19470080 
3848, -19319552 
3849, -18765056 
3850, -18014976 
3851, -17655552 
3852, -16912128 
3853, -16640256 
3854, -16156672 
3855, -15665408 
3856, -14914048 
3857, -14240000 
3858, -13893120 
3859, -13346304 
3860, -12866304 
3861, -12431872 
3862, -11844608 
3863, -11274240 
3864, -11452928 
3865, -10949632 
3866, -10836992 
3867, -10292736 
3868, -10571776 
3869, -10292992 
3870, -10151936 
3871, -9634304 
3872, -9718784 
3873, -9806080 
3874, -9403136 
3875, -10239744 
3876, -9484032 
3877, -9728768 
3878, -9594112 
3879, -9432832 
3880, -10096384 
3881, -9591040 
3882, -10060544 
3883, -9512960 
3884, -10088960 
3885, -9628672 
3886, -9920512 
3887, -9756160 
3888, -10059008 
3889, -10889472 
3890, -10854144 
3891, -12077312 
3892, -11937280 
3893, -12782592 
3894, -13460736 
3895, -14048512 
3896, -14445824 
3897, -15257088 
3898, -15428864 
3899, -15633152 
3900, -16797440 
3901, -16726528 
3902, -17413120 
3903, -17915136 
3904, -17814528 
3905, -18621696 
3906, -18995968 
3907, -19736832 
3908, -19774720 
3909, -20371968 
3910, -20606464 
3911, -21226496 
3912, -21417984 
3913, -21353728 
3914, -21860864 
3915, -21281280 
3916, -22215680 
3917, -21964544 
3918, -21996544 
3919, -22317824 
3920, -22276352 
3921, -22500096 
3922, -21809920 
3923, -22178816 
3924, -21839616 
3925, -22882048 
3926, -22143488 
3927, -22960896 
3928, -22125312 
3929, -22068992 
3930, -22133248 
3931, -21240064 
3932, -21352448 
3933, -20739584 
3934, -21090304 
3935, -20204544 
3936, -20009728 
3937, -19550464 
3938, -19197184 
3939, -18877696 
3940, -18102784 
3941, -18245120 
3942, -17216000 
3943, -17392128 
3944, -16521472 
3945, -16553728 
3946, -15787264 
3947, -14940928 
3948, -14887936 
3949, -13759744 
3950, -13413888 
3951, -12545792 
3952, -12480256 
3953, -11400960 
3954, -11255552 
3955, -10582272 
3956, -9526016 
3957, -9208832 
3958, -7908352 
3959, -7626240 
3960, -6905344 
3961, -6720000 
3962, -6027264 
3963, -5485824 
3964, -4982528 
3965, -4430592 
3966, -4199424 
3967, -3586048 
3968, -3757312 
3969, -2860032 
3970, -3501312 
3971, -2727424 
3972, -2957568 
3973, -3022848 
3974, -2273280 
3975, -3209728 
3976, -2110208 
3977, -3379200 
3978, -2885120 
3979, -3238656 
3980, -3564544 
3981, -3353856 
3982, -4698624 
3983, -4544256 
3984, -5873152 
3985, -5627392 
3986, -6241024 
3987, -6820096 
3988, -8054272 
3989, -8635392 
3990, -9217280 
3991, -10439424 
3992, -10421760 
3993, -11641344 
3994, -12093952 
3995, -13505792 
3996, -13712640 
3997, -15139328 
3998, -15206400 
3999, -16294144 
4000, -17523712 
4001, -17613824 
4002, -18313728 
4003, -18255616 
4004, -18903040 
4005, -19048960 
4006, -19533056 
4007, -19592704 
4008, -19582976 
4009, -20089344 
4010, -19816448 
4011, -20260864 
4012, -19975424 
4013, -19938048 
4014, -19142144 
4015, -19034880 
4016, -18721024 
4017, -18142464 
4018, -17592832 
4019, -16444160 
4020, -16773376 
4021, -15581440 
4022, -15423488 
4023, -14725888 
4024, -14389504 
4025, -14223872 
4026, -13218816 
4027, -13318400 
4028, -11982336 
4029, -12000768 
4030, -11594496 
4031, -10857984 
4032, -10744320 
4033, -10129664 
4034, -9937152 
4035, -9329408 
4036, -9312000 
4037, -8751872 
4038, -8772096 
4039, -8038656 
4040, -7852288 
4041, -7809536 
4042, -7630848 
4043, -7055616 
4044, -6851328 
4045, -6137856 
4046, -6034688 
4047, -5816576 
4048, -5410048 
4049, -5199872 
4050, -4777216 
4051, -4577536 
4052, -4637952 
4053, -4368384 
4054, -3854336 
4055, -3939328 
4056, -3807744 
4057, -3740416 
4058, -3523072 
4059, -3526400 
4060, -3014400 
4061, -3815424 
4062, -3564544 
4063, -3268864 
4064, -3488000 
4065, -2965760 
4066, -3368448 
4067, -3125248 
4068, -2618880 
4069, -3077632 
4070, -2995456 
4071, -3509760 
4072, -3529216 
4073, -4336128 
4074, -4921856 
4075, -5509632 
4076, -5474048 
4077, -6469888 
4078, -7087104 
4079, -7777792 
4080, -8397568 
4081, -9168128 
4082, -9605376 
4083, -10188544 
4084, -10722048 
4085, -11175936 
4086, -12037632 
4087, -12264192 
4088, -13021952 
4089, -14033152 
4090, -14433792 
4091, -15515392 
4092, -15775488 
4093, -16850688 
4094, -17532928 
4095, -17783040 
